94766,lwildsmith0,Popcorn12,Loretta,Wildsmith,lwildsmith0@histats.com
32024,mtuffield1,Abc123,Meir,Tuffield,mtuffield1@trellian.com
63605,gbundey2,Chipahoy11,Garv,Bundey,gbundey2@youtu.be
31279,eengel3,Libert123,Edy,Engel,eengel3@mit.edu
89389,fivankin4,Eraj123,Fancie,Ivankin,fivankin4@chicagotribune.com
24141,jmcalpin5,Erajll11,Jules,McAlpin,jmcalpin5@biglobe.ne.jp
58283,gheijnen6,Popman12,Gregory,Heijnen,gheijnen6@reverbnation.com
28874,dbeamish7,Crcl112,Duff,Beamish,dbeamish7@tripod.com
83327,lmahoney8,Clark123,Lolly,Mahoney,lmahoney8@icq.com
87548,sbantham9,Jaedae23,Shannen,Bantham,sbantham9@ustream.tv6725/n6808
3744,crclark144,f,corey,clark,crc
